e_id,item_name,mat_name,carbon_a1_a3_kgco2e_kg,density_kg_per_m3,carbon_a1_a3_kgco2e_m3,a4_kgco2e_kg_sea,a4_kgco2e_kg_road,a5_kgco2e_kg,b1_kgco2e_kg,b2_kgco2e_kg,b3_kgco2e_kg,b4_kgco2e_kg,b5_kgco2e_kg,b6_kgco2e_kg,b7_kgco2e_kg,c1_kgco2_per_m2,c2_kgco2e_kg,c3_kgco2e_kg,c4_kgco2e_kg,data_type,data_source,data_quality,epd,epd_link,manufacturer,scope,region,epd_exp_date,Unnamed: 29,Unnamed: 30,Unnamed: 31,family,includes_reinforcement,structural_use,sequestration_kgco2e_kg
C_001,Concrete,"In-situ, GEN 0 (6/8 MPa)",0.065,2400,156,0.00001977,0.00017853,0.0375,0,0,0,0,0,0,0,0.1517,0.00246,0.00042,0.0000625,Generic,ICE DATABASE,55%,,,,,,,,,,in_situ,N,Y,-
C_002,Concrete,"In-situ, GEN 0 (6/8 MPa)  25%GGBS ",0.055,2400,132,0.00001977,0.00017853,0.0375,0,0,0,0,0,0,0,,0.00246,0.00042,0.0000625,Generic,ICE DATABASE,55%,,,,,,,,,,in_situ,N,Y,-
C_003,Concrete,"In-situ, GEN 0 (6/8 MPa)  50%GGBS ",0.041,2400,98.4,0.00001977,0.00017853,0.0375,0,0,0,0,0,0,0,,0.00246,0.00042,0.0000625,Generic,ICE DATABASE,55%,,,,,,,,,,in_situ,N,Y,-
C_004,Concrete,"In-situ, GEN 0 (6/8 MPa) 70% GGBS ",0.034,2400,81.6,0.00001977,0.00017853,0.0375,0,0,0,0,0,0,0,,0.00246,0.00042,0.0000625,Generic,ICE DATABASE,55%,,,,,,,,,,in_situ,N,Y,-
C_005,Concrete,"In-situ, GEN 1 (8/10 MPa)",0.09,2400,216,0.00001977,0.00017853,0.0375,0,0,0,0,0,0,0,,0.00246,0.00042,0.0000625,Generic,ICE DATABASE,55%,,,,,,,,,,in_situ,N,Y,-
C_006,Concrete,"In-situ, GEN 1 (8/10 MPa)  25%GGBS ",0.076,2400,182.4,0.00001977,0.00017853,0.0375,0,0,0,0,0,0,0,,0.00246,0.00042,0.0000625,Generic,DERIVED - see CATALOGUE_NOTES.md,35%,,,,,,,,,,in_situ,N,Y,-
C_007,Concrete,"In-situ, GEN 1 (8/10 MPa)  50%GGBS ",0.055,2400,132,0.00001977,0.00017853,0.0375,0,0,0,0,0,0,0,,0.00246,0.00042,0.0000625,Generic,DERIVED - see CATALOGUE_NOTES.md,35%,,,,,,,,,,in_situ,N,Y,-
C_008,Concrete,"In-situ, GEN 1 (8/10 MPa) 70% GGBS ",0.044,2400,105.6,0.00001977,0.00017853,0.0375,0,0,0,0,0,0,0,,0.00246,0.00042,0.0000625,Generic,ICE DATABASE,55%,,,,,,,,,,in_situ,N,Y,-
C_009,Concrete,"In-situ, GEN 2 (12/15 MPa)",0.097,2400,232.8,0.00001977,0.00017853,0.0375,0,0,0,0,0,0,0,,0.00246,0.00042,0.0000625,Generic,ICE DATABASE,55%,,,,,,,,,,in_situ,N,Y,-
C_010,Concrete,"In-situ, GEN 2 (12/15 MPa) 25%GGBS ",0.081,2400,194.4,0.00001977,0.00017853,0.0375,0,0,0,0,0,0,0,,0.00246,0.00042,0.0000625,Generic,ICE DATABASE,55%,,,,,,,,,,in_situ,N,Y,-
C_011,Concrete,"In-situ, GEN 2 (12/15 MPa)  50%GGBS ",0.058,2400,139.2,0.00001977,0.00017853,0.0375,0,0,0,0,0,0,0,,0.00246,0.00042,0.0000625,Generic,ICE DATABASE,55%,,,,,,,,,,in_situ,N,Y,-
C_012,Concrete,"In-situ, GEN 2 (12/15 MPa) 70% GGBS ",0.047,2400,112.8,0.00001977,0.00017853,0.0375,0,0,0,0,0,0,0,,0.00246,0.00042,0.0000625,Generic,ICE DATABASE,55%,,,,,,,,,,in_situ,N,Y,-
C_013,Concrete,"In-situ, GEN 3 (16/20 MPa)",0.104,2400,249.6,0.00001977,0.00017853,0.0375,0,0,0,0,0,0,0,,0.00246,0.00042,0.0000625,Generic,ICE DATABASE,55%,,,,,,,,,,in_situ,N,Y,-
C_014,Concrete,"In-situ, GEN 3 (16/20 M Pa) 25%GGBS ",0.087,2400,208.8,0.00001977,0.00017853,0.0375,0,0,0,0,0,0,0,,0.00246,0.00042,0.0000625,Generic,ICE DATABASE,55%,,,,,,,,,,in_situ,N,Y,-
C_015,Concrete,"In-situ, GEN 3 (16/20 MPa)  50%GGBS ",0.062,2400,148.8,0.00001977,0.00017853,0.0375,0,0,0,0,0,0,0,,0.00246,0.00042,0.0000625,Generic,ICE DATABASE,55%,,,,,,,,,,in_situ,N,Y,-
C_016,Concrete,"In-situ, GEN 3 (16/20 MPa) 70% GGBS ",0.05,2400,120,0.00001977,0.00017853,0.0375,0,0,0,0,0,0,0,,0.00246,0.00042,0.0000625,Generic,ICE DATABASE,55%,,,,,,,,,,in_situ,N,Y,-
C_017,Concrete,"In-situ, 20/25 MPa",0.112,2400,268.8,0.00001977,0.00017853,0.0375,0,0,0,0,0,0,0,,0.00246,0.00042,0.0000625,Generic,ICE DATABASE,55%,,,,,,,,,,in_situ,N,Y,-
C_018,Concrete,"In-situ, 25/30 MPa",0.119,2400,285.6,0.00001977,0.00017853,0.0375,0,0,0,0,0,0,0,,0.00246,0.00042,0.0000625,Generic,ICE DATABASE,55%,,,,,,,,,,in_situ,N,Y,-
C_019,Concrete,"In-situ, 28/35 MPa",0.126,2400,302.4,0.00001977,0.00017853,0.0375,0,0,0,0,0,0,0,,0.00246,0.00042,0.0000625,Generic,ICE DATABASE,55%,,,,,,,,,,in_situ,N,Y,-
C_020,Concrete,"In-situ, 32/40 MPa",0.138,2400,331.2,0.00001977,0.00017853,0.0375,0,0,0,0,0,0,0,,0.00246,0.00042,0.0000625,EPD,IGBC,100%,EPD Ireland,https://www.igbc.ie/wp-content/uploads/2025/06/EPD-Irish-Concrete-Federation-C3240-Readymix-Concrete-0-19-06-25-EPDIE-24-194.pdf,Irish Concrete Foundation,,Ireland,Jul-30,,,,in_situ,N,Y,-
C_021,Concrete,"In-situ, 35/45 MPa",0.149,2400,357.6,0.00001977,0.00017853,0.0375,0,0,0,0,0,0,0,,0.00246,0.00042,0.0000625,Generic,ICE DATABASE,55%,,,,,,,,,,in_situ,N,Y,-
C_022,Concrete,"In-situ, 40/50 MPa",0.159,2400,381.6,0.00001977,0.00017853,0.0375,0,0,0,0,0,0,0,,0.00246,0.00042,0.0000625,Generic,ICE DATABASE,55%,,,,,,,,,,in_situ,N,Y,-
C_023,Concrete,"In-situ, 30/37 MPa",0.13,2400,312,0.00001977,0.00017853,0.0375,0,0,0,0,0,0,0,,0.00246,0.00042,0.0000625,Generic,IGBC,55%,EPD Ireland,https://www.igbc.ie/wp-content/uploads/2025/06/EPD-Irish-Concrete-Federation-C3240-Readymix-Concrete-0-19-06-25-EPDIE-24-194.pdf,Irish Concrete Foundation,,Ireland,Jul-30,,,,in_situ,N,Y,-
C_024,Concrete,"In-situ, PAV1",0.126,2400,302.4,0.00001977,0.00017853,0.0375,0,0,0,0,0,0,0,,0.00246,0.00042,0.0000625,Generic,ICE DATABASE,55%,,,,,,,,,,in_situ,N,Y,-
C_025,Concrete,"In-situ, PAV1  25%GGBS ",0.108,2400,259.2,0.00001977,0.00017853,0.0375,0,0,0,0,0,0,0,,0.00246,0.00042,0.0000625,Generic,ICE DATABASE,55%,,,,,,,,,,in_situ,N,Y,-
C_026,Concrete,"In-situ, PAV1 50%GGBS ",0.078,2400,187.2,0.00001977,0.00017853,0.0375,0,0,0,0,0,0,0,,0.00246,0.00042,0.0000625,Generic,ICE DATABASE,55%,,,,,,,,,,in_situ,N,Y,-
C_027,Concrete,"In-situ, PAV1  70% GGBS ",0.058,2400,139.2,0.00001977,0.00017853,0.0375,0,0,0,0,0,0,0,,0.00246,0.00042,0.0000625,Generic,ICE DATABASE,55%,,,,,,,,,,in_situ,N,Y,-
C_028,Concrete,"In-situ, PAV2",0.138,2400,331.2,0.00001977,0.00017853,0.0375,0,0,0,0,0,0,0,,0.00246,0.00042,0.0000625,Generic,ICE DATABASE,55%,,,,,,,,,,in_situ,N,Y,-
C_029,Concrete,"In-situ, PAV2  25%GGBS ",0.12,2400,288,0.00001977,0.00017853,0.0375,0,0,0,0,0,0,0,,0.00246,0.00042,0.0000625,Generic,ICE DATABASE,55%,,,,,,,,,,in_situ,N,Y,-
C_030,Concrete,"In-situ, PAV2 50%GGBS",0.089,2400,213.6,0.00001977,0.00017853,0.0375,0,0,0,0,0,0,0,,0.00246,0.00042,0.0000625,Generic,ICE DATABASE,55%,,,,,,,,,,in_situ,N,Y,-
C_031,Concrete,"In-situ, PAV2  70% GGBS ",0.063,2400,151.2,0.00001977,0.00017853,0.0375,0,0,0,0,0,0,0,,0.00246,0.00042,0.0000625,Generic,ICE DATABASE,55%,,,,,,,,,,in_situ,N,Y,-
C_032,Concrete,"In-situ, RC 20/25 (20/25 MPa)  25%GGBS ",0.094,2400,225.6,0.00001977,0.00017853,0.0375,0,0,0,0,0,0,0,,0.00246,0.00042,0.0000625,Generic,ICE DATABASE,55%,,,,,,,,,,in_situ,N,Y,-
C_033,Concrete,"In-situ, RC 25/30 (25/30 MPa)  25%GGBS ",0.1,2400,240,0.00001977,0.00017853,0.0375,0,0,0,0,0,0,0,,0.00246,0.00042,0.0000625,Generic,ICE DATABASE,55%,,,,,,,,,,in_situ,N,Y,-
C_034,Concrete,"In-situ, RC 28/35 (28/35 MPa)  25%GGBS ",0.107,2400,256.8,0.00001977,0.00017853,0.0375,0,0,0,0,0,0,0,,0.00246,0.00042,0.0000625,Generic,ICE DATABASE,55%,,,,,,,,,,in_situ,N,Y,-
C_036,Concrete,"In-situ, RC 32/40 (32/40 MPa)  25%GGBS ",0.12,2400,288,0.00001977,0.00017853,0.0375,0,0,0,0,0,0,0,,0.00246,0.00042,0.0000625,Generic,ICE DATABASE,55%,,,,,,,,,,in_situ,N,Y,-
C_037,Concrete,"In-situ, RC 35/45 (35/45 MPa)  25%GGBS ",0.129,2400,309.6,0.00001977,0.00017853,0.0375,0,0,0,0,0,0,0,,0.00246,0.00042,0.0000625,Generic,ICE DATABASE,55%,,,,,,,,,,in_situ,N,Y,-
C_038,Concrete,"In-situ, RC 40/50 (40/50 MPa)  25%GGBS ",0.138,2400,331.2,0.00001977,0.00017853,0.0375,0,0,0,0,0,0,0,,0.00246,0.00042,0.0000625,Generic,ICE DATABASE,55%,,,,,,,,,,in_situ,N,Y,-
C_039,Concrete,"In-situ, RC 20/25 (20/25 MPa)  50%GGBS ",0.068,2400,163.2,0.00001977,0.00017853,0.0375,0,0,0,0,0,0,0,,0.00246,0.00042,0.0000625,Generic,ICE DATABASE,55%,,,,,,,,,,in_situ,N,Y,-
C_040,Concrete,"In-situ, RC 25/30 (25/30 MPa)  50%GGBS ",0.072,2400,172.8,0.00001977,0.00017853,0.0375,0,0,0,0,0,0,0,,0.00246,0.00042,0.0000625,Generic,ICE DATABASE,55%,,,,,,,,,,in_situ,N,Y,-
C_041,Concrete,"In-situ, RC 28/35 (28/35 MPa)  50%GGBS ",0.078,2400,187.2,0.00001977,0.00017853,0.0375,0,0,0,0,0,0,0,,0.00246,0.00042,0.0000625,Generic,ICE DATABASE,55%,,,,,,,,,,in_situ,N,Y,-
C_042,Concrete,"In-situ, RC 32/40 (32/40 MPa)  50%GGBS ",0.089,2400,213.6,0.00001977,0.00017853,0.0375,0,0,0,0,0,0,0,,0.00246,0.00042,0.0000625,Generic,ICE DATABASE,55%,,,,,,,,,,in_situ,N,Y,-
C_043,Concrete,"In-situ, RC 35/45 (35/45 MPa)  50%GGBS ",0.095,2400,228,0.00001977,0.00017853,0.0375,0,0,0,0,0,0,0,,0.00246,0.00042,0.0000625,Generic,ICE DATABASE,55%,,,,,,,,,,in_situ,N,Y,-
C_044,Concrete,"In-situ, RC 40/50 (40/50 MPa)  50%GGBS ",0.102,2400,244.8,0.00001977,0.00017853,0.0375,0,0,0,0,0,0,0,,0.00246,0.00042,0.0000625,Generic,ICE DATABASE,55%,,,,,,,,,,in_situ,N,Y,-
C_045,Concrete,"In-situ, RC 20/25 (20/25 MPa)  70% GGBS ",0.053,2400,127.2,0.00001977,0.00017853,0.0375,0,0,0,0,0,0,0,,0.00246,0.00042,0.0000625,Generic,ICE DATABASE,55%,,,,,,,,,,in_situ,N,Y,-
C_046,Concrete,"In-situ, RC 25/30 (25/30 MPa)  70% GGBS ",0.056,2400,134.4,0.00001977,0.00017853,0.0375,0,0,0,0,0,0,0,,0.00246,0.00042,0.0000625,Generic,ICE DATABASE,55%,,,,,,,,,,in_situ,N,Y,-
C_047,Concrete,"In-situ, RC 28/35 (28/35 MPa)  70% GGBS ",0.058,2400,139.2,0.00001977,0.00017853,0.0375,0,0,0,0,0,0,0,,0.00246,0.00042,0.0000625,Generic,ICE DATABASE,55%,,,,,,,,,,in_situ,N,Y,-
C_048,Concrete,"In-situ, RC 32/40 (32/40 MPa)  70% GGBS ",0.063,2400,151.2,0.00001977,0.00017853,0.0375,0,0,0,0,0,0,0,,0.00246,0.00042,0.0000625,Generic,ICE DATABASE,55%,,,,,,,,,,in_situ,N,Y,-
C_049,Concrete,"In-situ, RC 35/45 (35/45 MPa)  70% GGBS ",0.068,2400,163.2,0.00001977,0.00017853,0.0375,0,0,0,0,0,0,0,,0.00246,0.00042,0.0000625,Generic,ICE DATABASE,55%,,,,,,,,,,in_situ,N,Y,-
C_050,Concrete,"In-situ, RC 40/50 (40/50 MPa)  70% GGBS ",0.072,2400,172.8,0.00001977,0.00017853,0.0375,0,0,0,0,0,0,0,,0.00246,0.00042,0.0000625,Generic,ICE DATABASE,55%,,,,,,,,,,in_situ,N,Y,-
C_051,Concrete,"Precast - Pipe, DN600 unreinforced",0.146,2400,350.4,0.00001977,0.00017853,0.0375,0,0,0,0,0,0,0,,0.00246,0.00042,0.0000625,Generic,ICE DATABASE,35%,,,,,,,,,,precast,N,N,-
C_052,Concrete,"Precast - Pipe, DN600 unreinforced per kg",0.146,2400,350.4,0.00001977,0.00017853,0.0375,0,0,0,0,0,0,0,,0.00246,0.00042,0.0000625,Generic,ICE DATABASE,35%,,,,,,,,,,precast,N,N,-
C_053,Concrete,"Precast - Paving (Blocks, Slabs, Channels and Kerbs)",0.132,2400,316.8,0.00001977,0.00017853,0.0375,0,0,0,0,0,0,0,,0.00246,0.00042,0.0000625,Generic,ICE DATABASE,35%,,,,,,,,,,precast,N,N,-
C_054,Concrete,Precast - Beams and columns -steel reinforced with world average steel,0.249,2400,597.6,0.00001977,0.00017853,0.0375,0,0,0,0,0,0,0,,0.00246,0.00042,0.0000625,Generic,ICE DATABASE,35%,,,,,,,,,,precast,Y,Y,-
C_055,Concrete,Precast - Beams and columns -steel reinforced with European recycled steel,0.194,2400,465.6,0.00001977,0.00017853,0.0375,0,0,0,0,0,0,0,,0.00246,0.00042,0.0000625,Generic,ICE DATABASE,35%,,,,,,,,,,precast,Y,Y,-
C_056,Concrete,"Precast - Hollowcore concrete flooring, 150mm, prestressed steel reinforced with world average steel",0.186,2400,446.4,0.00001977,0.00017853,0.0375,0,0,0,0,0,0,0,,0.00246,0.00042,0.0000625,Generic,ICE DATABASE,35%,,,,,,,,,,precast,Y,Y,-
C_057,Concrete,"Precast - Hollowcore concrete flooring, 150mm, prestressed steel reinforced  with European recycled steel",0.171,1900,324.9,0.00001977,0.00017853,0.0375,0,0,0,0,0,0,0,,0.00246,0.00042,0.0000625,Generic,ICE DATABASE,35%,,,,,,,,,,precast,Y,Y,-
C_058,Concrete,Concrete blocks (medium or high density),0.091,2100,191.1,0.00001977,0.00017853,0.0375,0,0,0,0,0,0,0,,0.00246,0.00042,0.0000625,Generic,CIRCULARECOLOGY,35%,,,,,,,,,,block,N,Y,-
C_059,Concrete,Concrete Block - Lightweight concrete blocks - AAC - Autoclaved Aerated Concrete(AAC),0.28,600,168,0.00001977,0.00017853,0.0375,0,0,0,0,0,0,0,,0.00246,0.00042,0.0000625,Generic,ICE DATABASE,35%,,,,,,,,,,block,N,Y,-
C_060,Concrete,Concrete Block - Walls - With medium density solid blocks inc. mortar,0.1,1900,190,0.00001977,0.00017853,0.0375,0,0,0,0,0,0,0,,0.00246,0.00042,0.0000625,Generic,ICE DATABASE,35%,,,,,,,,,,block,N,Y,-
C_061,Concrete,Concrete Block - Walls - With high density solid blocks inc. mortar,0.098,2100,205.8,0.00001977,0.00017853,0.0375,0,0,0,0,0,0,0,,0.00246,0.00042,0.0000625,Generic,ICE DATABASE,35%,,,,,,,,,,block,N,Y,-
C_062,Concrete,Concrete Block - Walls - With cellular high density solid blocks inc. mortar,0.099,2000,198,0.00001977,0.00017853,0.0375,0,0,0,0,0,0,0,,0.00246,0.00042,0.0000625,Generic,ICE DATABASE,35%,,,,,,,,,,block,N,Y,-
C_063,Concrete,Concrete Block - Walls - With hollowcore high density solid blocks inc. mortar,0.099,1900,188.1,0.00001977,0.00017853,0.0375,0,0,0,0,0,0,0,,0.00246,0.00042,0.0000625,Generic,ICE DATABASE,35%,,,,,,,,,,block,N,Y,-
C_064,Concrete,Concrete Block - Walls - With lightweight AAC blocks inc. mortar,0.257,600,154.2,0.00001977,0.00017853,0.0375,0,0,0,0,0,0,0,,0.00246,0.00042,0.0000625,Generic,ICE DATABASE,35%,,,,,,,,,,block,N,Y,-
R_001,Steel,Hot rolled steel coil ,2.14,7850,-,0.00001977,0.00017853,0.0375,0,0,0,0,0,0,0,,0.000535,0.001019,0,Generic,CAR REPORT,35%,,,,,,,,,,sheet,N,N,-
R_002,Steel,Galvanised steel value ,2.8,7850,-,0.00001977,0.00017853,0.0375,0,0,0,0,0,0,0,,0.000535,0.001019,0,Generic,CAR REPORT,35%,,,,,,,,,,sheet,N,N,-
R_003,Steel,Organic coated steel ,2.83,7850,-,0.00001977,0.00017853,0.0375,0,0,0,0,0,0,0,,0.000535,0.001019,0,Generic,CAR REPORT,35%,,,,,,,,,,sheet,N,N,-
R_004,Steel,Steel section and steel rail value for Ireland,1.49,7850,-,0.00001977,0.00017853,0.0005,0,0,0,0,0,0,0,,0.000535,0.001019,0,Generic,CAR REPORT,35%,,,,,,,,,,section,N,Y,-
R_005,Steel,Ireland Average Reinforcing steel ,0.737,7850,-,0.00001977,0.00017853,0.05,0,0,0,0,0,0,0,,0.000535,0.001019,0,Generic,CAR REPORT,35%,,,,,,,,,,rebar,N,Y,-
R_006,Steel,UO Pipe,3.02,7850,-,0.00001977,0.00017853,0.0375,0,0,0,0,0,0,0,,0.000535,0.001019,0,Generic,ICE DATABASE,55%,,,,,,,,,,sheet,N,N,-
R_007,Steel,Tin-free Electrolytic Chrome Coated Steel Sheet - Tin-free (ECCS),2.89,7850,-,0.00001977,0.00017853,0.0375,0,0,0,0,0,0,0,,0.000535,0.001019,0,Generic,ICE DATABASE,55%,,,,,,,,,,sheet,N,N,-
R_008,Steel,Electrogalvanized steel,3.03,7850,-,0.00001977,0.00017853,0.0375,0,0,0,0,0,0,0,,0.000535,0.001019,0,Generic,ICE DATABASE,55%,,,,,,,,,,sheet,N,N,-
R_009,Steel,Welded pipe,2.78,7850,-,0.00001977,0.00017853,0.0375,0,0,0,0,0,0,0,,0.000535,0.001019,0,Generic,ICE DATABASE,55%,,,,,,,,,,sheet,N,N,-
R_010,Steel,Organic coated sheet,3.06,7850,-,0.00001977,0.00017853,0.0375,0,0,0,0,0,0,0,,0.000535,0.001019,0,Generic,ICE DATABASE,55%,,,,,,,,,,sheet,N,N,-
R_011,Steel,Tinplate,2.85,7850,-,0.00001977,0.00017853,0.0375,0,0,0,0,0,0,0,,0.000535,0.001019,0,Generic,ICE DATABASE,55%,,,,,,,,,,sheet,N,N,-
R_012,Steel,Finished cold-rolled coil,2.73,7850,-,0.00001977,0.00017853,0.0375,0,0,0,0,0,0,0,,0.000535,0.001019,0,Generic,ICE DATABASE,55%,,,,,,,,,,sheet,N,N,-
R_013,Steel,Hot-dip galvanized steel,2.76,7850,-,0.00001977,0.00017853,0.0375,0,0,0,0,0,0,0,,0.000535,0.001019,0,Generic,ICE DATABASE,55%,,,,,,,,,,sheet,N,N,-
R_014,Steel,Plate,2.46,7850,-,0.00001977,0.00017853,0.0375,0,0,0,0,0,0,0,,0.000535,0.001019,0,Generic,ICE DATABASE (corrected - see CATALOGUE_NOTES.md),55%,,,,,,,,,,section,N,Y,-
R_015,Steel,Cold Rolled Coil,2.53,7850,-,0.00001977,0.00017853,0.0375,0,0,0,0,0,0,0,,0.000535,0.001019,0,Generic,ICE DATABASE,55%,,,,,,,,,,sheet,N,N,-
R_016,Steel,Pickled hot-rolled coil,2.42,7850,-,0.00001977,0.00017853,0.0375,0,0,0,0,0,0,0,,0.000535,0.001019,0,Generic,ICE DATABASE,55%,,,,,,,,,,sheet,N,N,-
R_017,Steel,Wire rod,2.27,7850,-,0.00001977,0.00017853,0.0375,0,0,0,0,0,0,0,,0.000535,0.001019,0,Generic,ICE DATABASE,55%,,,,,,,,,,sheet,N,N,-
R_018,Steel,Hot Rolled Coil,2.28,7850,-,0.00001977,0.00017853,0.0375,0,0,0,0,0,0,0,,0.000535,0.001019,0,Generic,ICE DATABASE,55%,,,,,,,,,,sheet,N,N,-
R_019,Steel,Section,1.55,7850,-,0.00001977,0.00017853,0.0375,0,0,0,0,0,0,0,,0.000535,0.001019,0,Generic,ICE DATABASE,55%,,,,,,,,,,section,N,Y,-
R_020,Steel,Engineering steel,1.27,7850,-,0.00001977,0.00017853,0.0375,0,0,0,0,0,0,0,,0.000535,0.001019,0,Generic,ICE DATABASE,55%,,,,,,,,,,section,N,Y,-
R_021,Steel,Global seamless tube,2.08,7850,-,0.00001977,0.00017853,0.0375,0,0,0,0,0,0,0,,0.000535,0.001019,0,Generic,ICE DATABASE,55%,,,,,,,,,,section,N,Y,-
R_022,Steel,Reinforcement Steel ICE database ,1.72,7850,-,0.00001977,0.00017853,0.05,0,0,0,0,0,0,0,,0.000535,0.001019,0,Generic,ICE DATABASE,55%,,,,,,,,,,rebar,N,Y,-
R_023,Steel,Tin Coated Plate (Steel),1.995,7850,-,0.00001977,0.00017853,0.0375,0,0,0,0,0,0,0,,0.000535,0.001019,0,Generic,ICE DATABASE,35%,,,,,,,,,,sheet,N,N,-
R_024,Steel,World Average Reinforcement,2.29,7850,-,0.00001977,0.00017853,0.0375,0,0,0,0,0,0,0,,0.000535,0.001019,0,Generic,CAR REPORT,35%,,,,,,,,,,rebar,N,Y,-
PT_001,Post Tensioning Wire & Strand,Carbon Steel Rebar (secondary production route-scrap),0.85,7850,-,0.00001977,0.00017853,0.0971,0,0,0,0,0,0,0,,0.000535,0.001019,0,,EPD Linked with Cares,EPD,,,Available at ICDAS website,ICDAS Company Linked with Cares,,May-26,,,,strand,N,Y,-
PT_002,Post Tensioning Wire & Strand,Standard PC strand 2 wires for reinforcement of concrete,0.934,7850,-,0.00001977,0.00017853,0.0375,0,0,0,0,0,0,0,,0.000535,0.001019,0,,EPD Linked with Cares,EPD,,,Available at Fapricela website,Fapricela Linked with Cares,,Apr-29,,,,strand,N,Y,-
PT_003,Post Tensioning Wire & Strand,Standard PC strand 3 wires for reinforcement of concrete,0.934,7850,-,0.00001977,0.00017853,0.0375,0,0,0,0,0,0,0,,0.000535,0.001019,0,,EPD Linked with Cares,EPD,,,Available at Fapricela website,Fapricela Linked with Cares,,Apr-29,,,,strand,N,Y,-
PT_004,Post Tensioning Wire & Strand,Standard PC strand 7 wires for reinforcement of concrete,0.934,7850,-,0.00001977,0.00017853,0.0375,0,0,0,0,0,0,0,,0.000535,0.001019,0,,EPD Linked with Cares,EPD,,,Available at Fapricela website,Fapricela Linked with Cares,,Apr-29,,,,strand,N,Y,-
PT_005,Post Tensioning Wire & Strand,Standard PC wire for reinforcement of concrete,0.934,7850,-,0.00001977,0.00017853,0.0375,0,0,0,0,0,0,0,,0.000535,0.001019,0,,EPD Linked with Cares,EPD,,,Available at Fapricela website,Fapricela Linked with Cares,,Apr-29,,,,strand,N,Y,-
PT_006,Post Tensioning Wire & Strand,Standard Bars for reinforcement of concrete,0.934,7850,-,0.00001977,0.00017853,0.0375,0,0,0,0,0,0,0,,0.000535,0.001019,0,,EPD Linked with Cares,EPD,,,Available at Fapricela website,Fapricela Linked with Cares,,Apr-29,,,,strand,N,Y,-
PT_007,Post Tensioning Wire & Strand," Steel strands for prestressed RCC 9.3, 13, 15.2, 16 mm",1.84,7850,-,0.00001977,0.00017853,0.0281,0,0,0,0,0,0,0,,0.000535,0.001019,0,,EPD Linked with Cares,EPD,,,Available at Galcore website,Galcore Linked with Cares,,Dec-28,,,,strand,N,Y,-
PT_008,Post Tensioning Wire & Strand,High Tensile Prestressing Steel Wire and Strand (secondary production route-scrap),1.36,7850,-,0.00001977,0.00017853,0.0375,0,0,0,0,0,0,0,,0.000535,0.001019,0,,EPD Linked with Cares,EPD,,,Available at ICDAS website,ICDAS Company Linked with Cares,,Nov-27,,,,strand,N,Y,-
PT_009,Post Tensioning Wire & Strand,High Tensile Prestressing Steel Wire and Strand (secondary production route-scrap),1.04,7850,-,0.00001977,0.00017853,0.0375,0,0,0,0,0,0,0,,0.000535,0.001019,0,,EPD Linked with Cares,EPD,,,Available at Yazici website,Yazici Company Linked with Cares,,May-27,,,,strand,N,Y,-
PT_010,Post Tensioning Wire & Strand, 3-wire strand PC4 ,0.39,7850,-,0.00001977,0.00017853,0.0375,0,0,0,0,0,0,0,,0.000535,0.001019,0,,EPD Linked with Cares,EPD,,,Celsa Circular Steel website,Celsa Circular Steel Linked with Cares,,Oct-27,,,,strand,N,Y,-
PT_011,Post Tensioning Wire & Strand,7-wire strand P61,0.39,7850,-,0.00001977,0.00017853,0.0375,0,0,0,0,0,0,0,,0.000535,0.001019,0,,EPD Linked with Cares,EPD,,,Celsa Circular Steel website,Celsa Circular Steel Linked with Cares,,Oct-27,,,,strand,N,Y,-
PT_012,Post Tensioning Wire & Strand,7-wire strand P62,0.39,7850,-,0.00001977,0.00017853,0.0375,0,0,0,0,0,0,0,,0.000535,0.001019,0,,EPD Linked with Cares,EPD,,,Celsa Circular Steel website,Celsa Circular Steel Linked with Cares,,Oct-27,,,,strand,N,Y,-
PT_013,Post Tensioning Wire & Strand,Sheathed Strand P63,0.587,7850,-,0.00001977,0.00017853,0.0375,0,0,0,0,0,0,0,,0.000535,0.001019,0,,EPD Linked with Cares,EPD,,,Celsa Circular Steel website,Celsa Circular Steel Linked with Cares,,Oct-27,,,,strand,N,Y,-
PT_014,Post Tensioning Wire & Strand,Prestressed Wire PF4,0.385,7850,-,0.00001977,0.00017853,0.0375,0,0,0,0,0,0,0,,0.000535,0.001019,0,,EPD Linked with Cares,EPD,,,Celsa Circular Steel website,Celsa Circular Steel Linked with Cares,,Oct-27,,,,strand,N,Y,-
PT_015,Post Tensioning Wire & Strand,FILO (WIRE),1.76,7850,-,0.00001977,0.00017853,0.0375,0,0,0,0,0,0,0,,0.000535,0.001019,0,,NC-EPD,EPD,,,CB Trafilati Acciai,Steel Group,,Feb-28,,,,strand,N,Y,-
PT_016,Post Tensioning Wire & Strand,TRECCIA (2/3-WIRE STRAND) ,1.94,7850,-,0.00001977,0.00017853,0.0375,0,0,0,0,0,0,0,,0.000535,0.001019,0,,NC-EPD,EPD,,,CB Trafilati Acciai,Steel Group,,Feb-28,,,,strand,N,Y,-
PT_017,Post Tensioning Wire & Strand,TREFOLO (7-WIRE STRAND) ,1.86,7850,-,0.00001977,0.00017853,0.0375,0,0,0,0,0,0,0,,0.000535,0.001019,0,,NC-EPD,EPD,,,CB Trafilati Acciai,Steel Group,,Feb-28,,,,strand,N,Y,-
PT_018,Post Tensioning Wire & Strand,GreenStrand - Prestressed steel for reinforcement of concrete,0.512,7850,-,0.00001977,0.00017853,0.0375,0,0,0,0,0,0,0,,0.000535,0.001019,0,,NC-EPD,EPD,,,HJULSBRO Steel,HJULSBRO Steel,,Jan-28,,,,strand,N,Y,-
PT_019,Post Tensioning Wire & Strand,7-wire strand PC Strand,2.21,7850,-,0.00001977,0.00017853,0.0375,0,0,0,0,0,0,0,,0.000535,0.001019,0,,NC-EPD,EPD,,,"The Siam Industrial Wire Co., Ltd","The Siam Industrial Wire Co., Ltd",,Apr-27,,,,strand,N,Y,-
PT_020,Post Tensioning Wire & Strand,7-wire compacted PC strand,2.21,7850,-,0.00001977,0.00017853,0.0375,0,0,0,0,0,0,0,,0.000535,0.001019,0,,NC-EPD,EPD,,,"The Siam Industrial Wire Co., Ltd","The Siam Industrial Wire Co., Ltd",,Apr-27,,,,strand,N,Y,-
PT_021,Post Tensioning Wire & Strand,7-wire indented PC strand,2.21,7850,-,0.00001977,0.00017853,0.0375,0,0,0,0,0,0,0,,0.000535,0.001019,0,,NC-EPD,EPD,,,"The Siam Industrial Wire Co., Ltd","The Siam Industrial Wire Co., Ltd",,Apr-27,,,,strand,N,Y,-
PT_022,Post Tensioning Wire & Strand,PC Wire Plain of alloy steel,2.18,7850,-,0.00001977,0.00017853,0.0375,0,0,0,0,0,0,0,,0.000535,0.001019,0,,NC-EPD,EPD,,,"The Siam Industrial Wire Co., Ltd","The Siam Industrial Wire Co., Ltd",,Apr-27,,,,strand,N,Y,-
PT_023,Post Tensioning Wire & Strand,PC Wire Oval Indent of alloy steel,2.18,7850,-,0.00001977,0.00017853,0.0375,0,0,0,0,0,0,0,,0.000535,0.001019,0,,NC-EPD,EPD,,,"The Siam Industrial Wire Co., Ltd","The Siam Industrial Wire Co., Ltd",,Apr-27,,,,strand,N,Y,-
PT_024,Post Tensioning Wire & Strand,PC Wire Crimped Indent of alloy steel,2.18,7850,-,0.00001977,0.00017853,0.0375,0,0,0,0,0,0,0,,0.000535,0.001019,0,,NC-EPD,EPD,,,"The Siam Industrial Wire Co., Ltd","The Siam Industrial Wire Co., Ltd",,Apr-27,,,,strand,N,Y,-
PT_025,Post Tensioning Wire & Strand,PC Wire Spiral Indent of alloy steel,2.18,7850,-,0.00001977,0.00017853,0.0375,0,0,0,0,0,0,0,,0.000535,0.001019,0,,NC-EPD,EPD,,,"The Siam Industrial Wire Co., Ltd","The Siam Industrial Wire Co., Ltd",,Apr-27,,,,strand,N,Y,-
PT_026,Post Tensioning Wire & Strand,PC Wire Chevron Indent of alloy steel,2.18,7850,-,0.00001977,0.00017853,0.0375,0,0,0,0,0,0,0,,0.000535,0.001019,0,,NC-EPD,EPD,,,"The Siam Industrial Wire Co., Ltd","The Siam Industrial Wire Co., Ltd",,Apr-27,,,,strand,N,Y,-
PT_027,Post Tensioning Wire & Strand,HDPE-coated PC-strand,1.99,7850,-,0.00001977,0.00017853,0.00881,0,0,0,0,0,0,0,,0.000535,0.001019,0,,NC-EPD,EPD,,,HJULSBRO Steel,HJULSBRO Steel,,Jun-27,,,,strand,N,Y,-
PT_028,Post Tensioning Wire & Strand,PC strand 3 wire (pre-stressed concrete steel strand),2.48,7850,-,0.00001977,0.00017853,0.00881,0,0,0,0,0,0,0,,0.000535,0.001019,0,,NC-EPD,EPD,,,ilvery Dragon Prestressed Materials Co. Ltd. Tianjin,ilvery Dragon Prestressed Materials Co. Ltd. Tianjin,,Jul-29,,,,strand,N,Y,-
PT_029,Post Tensioning Wire & Strand,PC strand 7 wire (pre-stressed concrete steel strand),2.48,7850,-,0.00001977,0.00017853,0.0375,0,0,0,0,0,0,0,,0.000535,0.001019,0,,NC-EPD,EPD,,,ilvery Dragon Prestressed Materials Co. Ltd. Tianjin,ilvery Dragon Prestressed Materials Co. Ltd. Tianjin,,Jul-29,,,,strand,N,Y,-
PT_030,Post Tensioning Wire & Strand,Uncoated 3-wire steel PC-strand,1.45,7850,-,0.00001977,0.00017853,0.0375,0,0,0,0,0,0,0,,0.000535,0.001019,0,,NC-EPD,EPD,,,HJULSBRO Steel,HJULSBRO Steel,,Dec-25,,,,strand,N,Y,-
PT_031,Post Tensioning Wire & Strand,Uncoated 7-wire steel PC-strand,1.45,7850,-,0.00001977,0.00017853,0.0375,0,0,0,0,0,0,0,,0.000535,0.001019,0,,NC-EPD,EPD,,,HJULSBRO Steel,HJULSBRO Steel,,Dec-25,,,,strand,N,Y,-
PT_032,Post Tensioning Wire & Strand,PT default (no IGBC/generic PT factor exists — uses Ireland rebar per IStructE),0.737,7850,-,0.00001977,0.00017853,0.05,0,0,0,0,0,0,0,,0.000535,0.001019,0,Generic,IStructE guidance: no database factor for PT — defaults to Ireland Average Reinforcing Steel (R_005),35%,,,,,,,,,,strand,N,Y,-
T_001,Timber,CLT (Cross-Laminated Timber),0.437,480,209.8,0.00001977,0.00017853,0.0375,0,0,0,0,0,0,0,,0,0,0,Generic,IGBC National Inventory 2023,55%,,,,,Europe,,,,,timber,N,Y,-1.641
T_002,Timber,Glulam (Glue-Laminated Timber),0.512,470,240.6,0.00001977,0.00017853,0.0375,0,0,0,0,0,0,0,,0,0,0,Generic,IGBC National Inventory 2023,55%,,,,,Europe,,,,,timber,N,Y,-1.408
T_003,Timber,Softwood - structural (generic),0.263,400,105.2,0.00001977,0.00017853,0.0375,0,0,0,0,0,0,0,,0,0,0,Generic,IGBC National Inventory 2023,55%,,,,,Europe,,,,,timber,N,Y,-1.554
T_004,Timber,Softwood C16 (Irish),0.225,380,85.5,0.00001977,0.00017853,0.0375,0,0,0,0,0,0,0,,0,0,0,Generic,IGBC National Inventory 2023,55%,,,,,Ireland,,,,,timber,N,Y,-1.593
T_005,Timber,Softwood C24 (Swedish),0.063,420,26.5,0.00001977,0.00017853,0.0375,0,0,0,0,0,0,0,,0,0,0,Generic,IGBC National Inventory 2023,55%,,,,,Sweden,,,,,timber,N,Y,-1.571
T_006,Timber,LVL (Laminated Veneer Lumber),0.39,510,198.9,0.00001977,0.00017853,0.0375,0,0,0,0,0,0,0,,0,0,0,Generic,IGBC National Inventory 2023,55%,,,,,Europe,,,,,timber,N,Y,-1.636
T_007,Timber,LSL (Laminated Strand Lumber),0.504,630,317.5,0.00001977,0.00017853,0.0375,0,0,0,0,0,0,0,,0,0,0,Generic,IGBC National Inventory 2023,55%,,,,,Europe,,,,,timber,N,Y,-1.588
T_008,Timber,Wood I-Beam / I-Joist,0.483,400,193.2,0.00001977,0.00017853,0.0375,0,0,0,0,0,0,0,,0,0,0,Generic,IGBC National Inventory 2023,55%,,,,,Europe,,,,,timber,N,Y,-1.533
T_009,Timber,Hardwood - structural,0.306,700,214.2,0.00001977,0.00017853,0.0375,0,0,0,0,0,0,0,,0,0,0,Generic,IGBC National Inventory 2023,55%,,,,,Europe,,,,,timber,N,Y,-1.592
T_010,Timber,Closed-panel timber frame system,0.452,400,180.8,0.00001977,0.00017853,0.0375,0,0,0,0,0,0,0,,0,0,0,Generic,IGBC National Inventory 2023,55%,,,,,Europe,,,,,timber,N,Y,-1.554
T_011,Timber,Open-panel timber frame system,0.345,400,138,0.00001977,0.00017853,0.0375,0,0,0,0,0,0,0,,0,0,0,Generic,IGBC National Inventory 2023,55%,,,,,Europe,,,,,timber,N,Y,-1.614
T_012,Timber,Timber stud wall,0.263,400,105.2,0.00001977,0.00017853,0.0375,0,0,0,0,0,0,0,,0,0,0,Generic,IGBC National Inventory 2023,55%,,,,,Ireland,,,,,timber,N,Y,-1.637
T_013,Timber,"Timber - average (ICE, generic)",0.493,450,221.8,0.00001977,0.00017853,0.0375,0,0,0,0,0,0,0,,0,0,0,Generic,IGBC National Inventory 2023,55%,,,,,Generic,,,,,timber,N,Y,-1.524
